x-axis,1,2,3
second,Volt,Volt,Volt
-10.00000E-03,+891.24990E-03,+1.12500000E+00,+1.87500000E+00
-9.98000E-03,+891.24990E-03,+1.12500000E+00,+1.81250000E+00
-9.96000E-03,+828.74990E-03,+1.06250000E+00,+1.81250000E+00
-9.94000E-03,+891.24990E-03,+1.06250000E+00,+1.81250000E+00
-9.92000E-03,+953.74990E-03,+1.06250000E+00,+1.75000000E+00
-9.90000E-03,+1.01624990E+00,+1.12500000E+00,+1.68750000E+00
-9.88000E-03,+891.24990E-03,+1.06250000E+00,+1.68750000E+00
-9.86000E-03,+953.74990E-03,+1.06250000E+00,+1.68750000E+00
-9.84000E-03,+953.74990E-03,+1.06250000E+00,+1.62500000E+00
-9.82000E-03,+953.74990E-03,+1.12500000E+00,+1.62500000E+00
-9.80000E-03,+953.74990E-03,+1.00000000E+00,+1.62500000E+00
-9.78000E-03,+953.74990E-03,+1.06250000E+00,+1.56250000E+00
-9.76000E-03,+953.74990E-03,+1.00000000E+00,+1.43750000E+00
-9.74000E-03,+891.24990E-03,+1.00000000E+00,+1.43750000E+00
-9.72000E-03,+891.24990E-03,+1.00000000E+00,+1.50000000E+00
-9.70000E-03,+891.24990E-03,+937.50000E-03,+1.50000000E+00
-9.68000E-03,+891.24990E-03,+1.00000000E+00,+1.43750000E+00
-9.66000E-03,+953.74990E-03,+1.00000000E+00,+1.37500000E+00
-9.64000E-03,+891.24990E-03,+937.50000E-03,+1.31250000E+00
-9.62000E-03,+891.24990E-03,+1.00000000E+00,+1.31250000E+00
-9.60000E-03,+891.24990E-03,+1.00000000E+00,+1.31250000E+00
-9.58000E-03,+953.74990E-03,+937.50000E-03,+1.31250000E+00
-9.56000E-03,+953.74990E-03,+1.00000000E+00,+1.25000000E+00
-9.54000E-03,+891.24990E-03,+1.00000000E+00,+1.25000000E+00
-9.52000E-03,+953.74990E-03,+1.00000000E+00,+1.25000000E+00
-9.50000E-03,+891.24990E-03,+1.00000000E+00,+1.18750000E+00
-9.48000E-03,+953.74990E-03,+937.50000E-03,+1.25000000E+00
-9.46000E-03,+953.74990E-03,+1.00000000E+00,+1.18750000E+00
-9.44000E-03,+891.24990E-03,+937.50000E-03,+1.12500000E+00
-9.42000E-03,+891.24990E-03,+1.00000000E+00,+1.18750000E+00
-9.40000E-03,+953.74990E-03,+1.00000000E+00,+1.12500000E+00
-9.38000E-03,+891.24990E-03,+937.50000E-03,+1.06250000E+00
-9.36000E-03,+891.24990E-03,+1.00000000E+00,+1.06250000E+00
-9.34000E-03,+828.74990E-03,+1.00000000E+00,+1.06250000E+00
-9.32000E-03,+891.24990E-03,+1.00000000E+00,+1.06250000E+00
-9.30000E-03,+953.74990E-03,+1.00000000E+00,+1.00000000E+00
-9.28000E-03,+953.74990E-03,+937.50000E-03,+1.06250000E+00
-9.26000E-03,+891.24990E-03,+937.50000E-03,+1.00000000E+00
-9.24000E-03,+953.74990E-03,+875.00000E-03,+937.50000E-03
-9.22000E-03,+891.24990E-03,+937.50000E-03,+937.50000E-03
-9.20000E-03,+953.74990E-03,+937.50000E-03,+937.50000E-03
-9.18000E-03,+891.24990E-03,+937.50000E-03,+937.50000E-03
-9.16000E-03,+953.74990E-03,+875.00000E-03,+1.00000000E+00
-9.14000E-03,+891.24990E-03,+875.00000E-03,+937.50000E-03
-9.12000E-03,+891.24990E-03,+937.50000E-03,+937.50000E-03
-9.10000E-03,+891.24990E-03,+875.00000E-03,+875.00000E-03
-9.08000E-03,+891.24990E-03,+937.50000E-03,+875.00000E-03
-9.06000E-03,+828.74990E-03,+937.50000E-03,+812.50000E-03
-9.04000E-03,+891.24990E-03,+937.50000E-03,+937.50000E-03
-9.02000E-03,+891.24990E-03,+937.50000E-03,+875.00000E-03
-9.00000E-03,+953.74990E-03,+875.00000E-03,+875.00000E-03
-8.98000E-03,+891.24990E-03,+1.00000000E+00,+812.50000E-03
-8.96000E-03,+953.74990E-03,+875.00000E-03,+875.00000E-03
-8.94000E-03,+891.24990E-03,+875.00000E-03,+812.50000E-03
-8.92000E-03,+953.74990E-03,+937.50000E-03,+875.00000E-03
-8.90000E-03,+891.24990E-03,+937.50000E-03,+875.00000E-03
-8.88000E-03,+891.24990E-03,+875.00000E-03,+812.50000E-03
-8.86000E-03,+953.74990E-03,+937.50000E-03,+812.50000E-03
-8.84000E-03,+953.74990E-03,+875.00000E-03,+812.50000E-03
-8.82000E-03,+953.74990E-03,+875.00000E-03,+812.50000E-03
-8.80000E-03,+891.24990E-03,+875.00000E-03,+812.50000E-03
-8.78000E-03,+891.24990E-03,+875.00000E-03,+750.00000E-03
-8.76000E-03,+891.24990E-03,+937.50000E-03,+812.50000E-03
-8.74000E-03,+828.74990E-03,+937.50000E-03,+750.00000E-03
-8.72000E-03,+891.24990E-03,+937.50000E-03,+812.50000E-03
-8.70000E-03,+891.24990E-03,+937.50000E-03,+812.50000E-03
-8.68000E-03,+953.74990E-03,+875.00000E-03,+750.00000E-03
-8.66000E-03,+953.74990E-03,+937.50000E-03,+812.50000E-03
-8.64000E-03,+953.74990E-03,+875.00000E-03,+750.00000E-03
-8.62000E-03,+891.24990E-03,+937.50000E-03,+812.50000E-03
-8.60000E-03,+953.74990E-03,+875.00000E-03,+812.50000E-03
-8.58000E-03,+953.74990E-03,+937.50000E-03,+750.00000E-03
-8.56000E-03,+953.74990E-03,+937.50000E-03,+812.50000E-03
-8.54000E-03,+891.24990E-03,+1.00000000E+00,+812.50000E-03
-8.52000E-03,+953.74990E-03,+937.50000E-03,+750.00000E-03
-8.50000E-03,+953.74990E-03,+937.50000E-03,+750.00000E-03
-8.48000E-03,+891.24990E-03,+937.50000E-03,+750.00000E-03
-8.46000E-03,+953.74990E-03,+937.50000E-03,+812.50000E-03
-8.44000E-03,+953.74990E-03,+1.00000000E+00,+812.50000E-03
-8.42000E-03,+891.24990E-03,+1.00000000E+00,+875.00000E-03
-8.40000E-03,+891.24990E-03,+937.50000E-03,+750.00000E-03
-8.38000E-03,+891.24990E-03,+937.50000E-03,+812.50000E-03
-8.36000E-03,+891.24990E-03,+875.00000E-03,+812.50000E-03
-8.34000E-03,+891.24990E-03,+1.00000000E+00,+812.50000E-03
-8.32000E-03,+953.74990E-03,+937.50000E-03,+750.00000E-03
-8.30000E-03,+953.74990E-03,+937.50000E-03,+750.00000E-03
-8.28000E-03,+891.24990E-03,+937.50000E-03,+812.50000E-03
-8.26000E-03,+953.74990E-03,+875.00000E-03,+812.50000E-03
-8.24000E-03,+891.24990E-03,+937.50000E-03,+812.50000E-03
-8.22000E-03,+953.74990E-03,+875.00000E-03,+750.00000E-03
-8.20000E-03,+953.74990E-03,+937.50000E-03,+812.50000E-03
-8.18000E-03,+953.74990E-03,+937.50000E-03,+750.00000E-03
-8.16000E-03,+953.74990E-03,+937.50000E-03,+812.50000E-03
-8.14000E-03,+891.24990E-03,+875.00000E-03,+875.00000E-03
-8.12000E-03,+891.24990E-03,+937.50000E-03,+812.50000E-03
-8.10000E-03,+953.74990E-03,+875.00000E-03,+812.50000E-03
-8.08000E-03,+891.24990E-03,+937.50000E-03,+812.50000E-03
-8.06000E-03,+891.24990E-03,+875.00000E-03,+812.50000E-03
-8.04000E-03,+891.24990E-03,+1.00000000E+00,+812.50000E-03
-8.02000E-03,+891.24990E-03,+937.50000E-03,+875.00000E-03
-8.00000E-03,+891.24990E-03,+937.50000E-03,+812.50000E-03
-7.98000E-03,+891.24990E-03,+937.50000E-03,+875.00000E-03
-7.96000E-03,+1.01624990E+00,+1.00000000E+00,+875.00000E-03
-7.94000E-03,+891.24990E-03,+1.00000000E+00,+875.00000E-03
-7.92000E-03,+891.24990E-03,+937.50000E-03,+875.00000E-03
-7.90000E-03,+891.24990E-03,+875.00000E-03,+812.50000E-03
-7.88000E-03,+953.74990E-03,+875.00000E-03,+875.00000E-03
-7.86000E-03,+953.74990E-03,+875.00000E-03,+875.00000E-03
-7.84000E-03,+953.74990E-03,+937.50000E-03,+875.00000E-03
-7.82000E-03,+953.74990E-03,+937.50000E-03,+875.00000E-03
-7.80000E-03,+891.24990E-03,+937.50000E-03,+812.50000E-03
-7.78000E-03,+891.24990E-03,+1.00000000E+00,+937.50000E-03
-7.76000E-03,+953.74990E-03,+937.50000E-03,+812.50000E-03
-7.74000E-03,+891.24990E-03,+937.50000E-03,+875.00000E-03
-7.72000E-03,+891.24990E-03,+875.00000E-03,+812.50000E-03
-7.70000E-03,+953.74990E-03,+937.50000E-03,+875.00000E-03
-7.68000E-03,+953.74990E-03,+937.50000E-03,+875.00000E-03
-7.66000E-03,+891.24990E-03,+937.50000E-03,+875.00000E-03
-7.64000E-03,+891.24990E-03,+937.50000E-03,+937.50000E-03
-7.62000E-03,+891.24990E-03,+1.00000000E+00,+937.50000E-03
-7.60000E-03,+953.74990E-03,+1.00000000E+00,+937.50000E-03
-7.58000E-03,+891.24990E-03,+875.00000E-03,+937.50000E-03
-7.56000E-03,+891.24990E-03,+937.50000E-03,+875.00000E-03
-7.54000E-03,+953.74990E-03,+937.50000E-03,+875.00000E-03
-7.52000E-03,+953.74990E-03,+937.50000E-03,+1.00000000E+00
-7.50000E-03,+891.24990E-03,+1.00000000E+00,+812.50000E-03
-7.48000E-03,+891.24990E-03,+1.00000000E+00,+812.50000E-03
-7.46000E-03,+891.24990E-03,+1.06250000E+00,+937.50000E-03
-7.44000E-03,+953.74990E-03,+937.50000E-03,+937.50000E-03
-7.42000E-03,+891.24990E-03,+1.00000000E+00,+937.50000E-03
-7.40000E-03,+891.24990E-03,+1.06250000E+00,+937.50000E-03
-7.38000E-03,+891.24990E-03,+937.50000E-03,+937.50000E-03
-7.36000E-03,+891.24990E-03,+937.50000E-03,+937.50000E-03
-7.34000E-03,+891.24990E-03,+1.00000000E+00,+937.50000E-03
-7.32000E-03,+953.74990E-03,+1.00000000E+00,+937.50000E-03
-7.30000E-03,+891.24990E-03,+1.00000000E+00,+937.50000E-03
-7.28000E-03,+953.74990E-03,+1.00000000E+00,+937.50000E-03
-7.26000E-03,+953.74990E-03,+937.50000E-03,+1.00000000E+00
-7.24000E-03,+953.74990E-03,+1.00000000E+00,+937.50000E-03
-7.22000E-03,+953.74990E-03,+937.50000E-03,+937.50000E-03
-7.20000E-03,+891.24990E-03,+937.50000E-03,+937.50000E-03
-7.18000E-03,+953.74990E-03,+937.50000E-03,+937.50000E-03
-7.16000E-03,+953.74990E-03,+1.00000000E+00,+1.00000000E+00
-7.14000E-03,+953.74990E-03,+937.50000E-03,+937.50000E-03
-7.12000E-03,+891.24990E-03,+937.50000E-03,+1.06250000E+00
-7.10000E-03,+953.74990E-03,+937.50000E-03,+937.50000E-03
-7.08000E-03,+953.74990E-03,+1.00000000E+00,+937.50000E-03
-7.06000E-03,+953.74990E-03,+875.00000E-03,+937.50000E-03
-7.04000E-03,+891.24990E-03,+937.50000E-03,+1.00000000E+00
-7.02000E-03,+891.24990E-03,+937.50000E-03,+875.00000E-03
-7.00000E-03,+891.24990E-03,+1.00000000E+00,+937.50000E-03
-6.98000E-03,+953.74990E-03,+1.00000000E+00,+1.00000000E+00
-6.96000E-03,+828.74990E-03,+1.00000000E+00,+937.50000E-03
-6.94000E-03,+953.74990E-03,+875.00000E-03,+937.50000E-03
-6.92000E-03,+953.74990E-03,+937.50000E-03,+937.50000E-03
-6.90000E-03,+953.74990E-03,+937.50000E-03,+937.50000E-03
-6.88000E-03,+891.24990E-03,+1.00000000E+00,+1.00000000E+00
-6.86000E-03,+953.74990E-03,+937.50000E-03,+937.50000E-03
-6.84000E-03,+891.24990E-03,+1.00000000E+00,+1.00000000E+00
-6.82000E-03,+891.24990E-03,+937.50000E-03,+1.00000000E+00
-6.80000E-03,+891.24990E-03,+875.00000E-03,+937.50000E-03
-6.78000E-03,+891.24990E-03,+1.00000000E+00,+1.00000000E+00
-6.76000E-03,+891.24990E-03,+937.50000E-03,+1.00000000E+00
-6.74000E-03,+953.74990E-03,+937.50000E-03,+937.50000E-03
-6.72000E-03,+891.24990E-03,+937.50000E-03,+1.00000000E+00
-6.70000E-03,+953.74990E-03,+937.50000E-03,+937.50000E-03
-6.68000E-03,+953.74990E-03,+1.00000000E+00,+937.50000E-03
-6.66000E-03,+953.74990E-03,+1.00000000E+00,+1.00000000E+00
-6.64000E-03,+891.24990E-03,+937.50000E-03,+937.50000E-03
-6.62000E-03,+891.24990E-03,+1.00000000E+00,+937.50000E-03
-6.60000E-03,+1.01624990E+00,+937.50000E-03,+937.50000E-03
-6.58000E-03,+891.24990E-03,+937.50000E-03,+1.06250000E+00
-6.56000E-03,+828.74990E-03,+1.00000000E+00,+937.50000E-03
-6.54000E-03,+891.24990E-03,+1.00000000E+00,+1.00000000E+00
-6.52000E-03,+891.24990E-03,+937.50000E-03,+937.50000E-03
-6.50000E-03,+828.74990E-03,+1.00000000E+00,+1.00000000E+00
-6.48000E-03,+953.74990E-03,+937.50000E-03,+937.50000E-03
-6.46000E-03,+953.74990E-03,+937.50000E-03,+1.00000000E+00
-6.44000E-03,+891.24990E-03,+937.50000E-03,+937.50000E-03
-6.42000E-03,+891.24990E-03,+937.50000E-03,+937.50000E-03
-6.40000E-03,+953.74990E-03,+937.50000E-03,+937.50000E-03
-6.38000E-03,+953.74990E-03,+1.00000000E+00,+1.00000000E+00
-6.36000E-03,+953.74990E-03,+937.50000E-03,+1.00000000E+00
-6.34000E-03,+891.24990E-03,+937.50000E-03,+1.00000000E+00
-6.32000E-03,+891.24990E-03,+1.00000000E+00,+1.00000000E+00
-6.30000E-03,+891.24990E-03,+937.50000E-03,+1.00000000E+00
-6.28000E-03,+953.74990E-03,+937.50000E-03,+937.50000E-03
-6.26000E-03,+891.24990E-03,+937.50000E-03,+875.00000E-03
-6.24000E-03,+891.24990E-03,+1.00000000E+00,+937.50000E-03
-6.22000E-03,+953.74990E-03,+937.50000E-03,+1.00000000E+00
-6.20000E-03,+891.24990E-03,+937.50000E-03,+1.00000000E+00
-6.18000E-03,+891.24990E-03,+1.06250000E+00,+937.50000E-03
-6.16000E-03,+891.24990E-03,+1.00000000E+00,+875.00000E-03
-6.14000E-03,+891.24990E-03,+1.00000000E+00,+937.50000E-03
-6.12000E-03,+891.24990E-03,+937.50000E-03,+1.00000000E+00
-6.10000E-03,+953.74990E-03,+937.50000E-03,+1.00000000E+00
-6.08000E-03,+953.74990E-03,+937.50000E-03,+875.00000E-03
-6.06000E-03,+891.24990E-03,+937.50000E-03,+1.00000000E+00
-6.04000E-03,+891.24990E-03,+937.50000E-03,+937.50000E-03
-6.02000E-03,+953.74990E-03,+1.00000000E+00,+1.00000000E+00
-6.00000E-03,+891.24990E-03,+1.00000000E+00,+1.00000000E+00
-5.98000E-03,+891.24990E-03,+937.50000E-03,+937.50000E-03
-5.96000E-03,+891.24990E-03,+937.50000E-03,+1.00000000E+00
-5.94000E-03,+953.74990E-03,+1.00000000E+00,+937.50000E-03
-5.92000E-03,+953.74990E-03,+1.00000000E+00,+937.50000E-03
-5.90000E-03,+953.74990E-03,+1.00000000E+00,+937.50000E-03
-5.88000E-03,+3.82874990E+00,+1.00000000E+00,+1.00000000E+00
-5.86000E-03,+3.76624990E+00,+1.18750000E+00,+1.00000000E+00
-5.84000E-03,+3.82874990E+00,+1.50000000E+00,+937.50000E-03
-5.82000E-03,+3.82874990E+00,+1.62500000E+00,+937.50000E-03
-5.80000E-03,+3.89124990E+00,+1.81250000E+00,+937.50000E-03
-5.78000E-03,+3.82874990E+00,+1.87500000E+00,+937.50000E-03
-5.76000E-03,+3.82874990E+00,+2.06250000E+00,+1.00000000E+00
-5.74000E-03,+3.82874990E+00,+2.12500000E+00,+1.00000000E+00
-5.72000E-03,+3.89124990E+00,+2.31250000E+00,+1.00000000E+00
-5.70000E-03,+3.89124990E+00,+2.43750000E+00,+1.06250000E+00
-5.68000E-03,+3.82874990E+00,+2.50000000E+00,+1.06250000E+00
-5.66000E-03,+3.82874990E+00,+2.62500000E+00,+1.00000000E+00
-5.64000E-03,+3.89124990E+00,+2.62500000E+00,+1.06250000E+00
-5.62000E-03,+3.82874990E+00,+2.68750000E+00,+1.06250000E+00
-5.60000E-03,+3.82874990E+00,+2.75000000E+00,+1.12500000E+00
-5.58000E-03,+3.89124990E+00,+2.87500000E+00,+1.12500000E+00
-5.56000E-03,+3.82874990E+00,+2.93750000E+00,+1.12500000E+00
-5.54000E-03,+3.89124990E+00,+2.93750000E+00,+1.12500000E+00
-5.52000E-03,+3.89124990E+00,+3.06250000E+00,+1.18750000E+00
-5.50000E-03,+3.89124990E+00,+3.12500000E+00,+1.25000000E+00
-5.48000E-03,+3.89124990E+00,+3.12500000E+00,+1.25000000E+00
-5.46000E-03,+3.89124990E+00,+3.25000000E+00,+1.25000000E+00
-5.44000E-03,+3.82874990E+00,+3.18750000E+00,+1.31250000E+00
-5.42000E-03,+3.89124990E+00,+3.25000000E+00,+1.31250000E+00
-5.40000E-03,+3.82874990E+00,+3.31250000E+00,+1.37500000E+00
-5.38000E-03,+3.82874990E+00,+3.31250000E+00,+1.50000000E+00
-5.36000E-03,+3.82874990E+00,+3.43750000E+00,+1.50000000E+00
-5.34000E-03,+3.89124990E+00,+3.37500000E+00,+1.50000000E+00
-5.32000E-03,+3.89124990E+00,+3.37500000E+00,+1.56250000E+00
-5.30000E-03,+3.89124990E+00,+3.43750000E+00,+1.56250000E+00
-5.28000E-03,+891.24990E-03,+3.25000000E+00,+1.62500000E+00
-5.26000E-03,+953.74990E-03,+3.12500000E+00,+1.68750000E+00
-5.24000E-03,+953.74990E-03,+2.93750000E+00,+1.81250000E+00
-5.22000E-03,+953.74990E-03,+2.81250000E+00,+1.75000000E+00
-5.20000E-03,+953.74990E-03,+2.62500000E+00,+1.81250000E+00
-5.18000E-03,+953.74990E-03,+2.50000000E+00,+1.87500000E+00
-5.16000E-03,+953.74990E-03,+2.37500000E+00,+1.93750000E+00
-5.14000E-03,+953.74990E-03,+2.25000000E+00,+1.93750000E+00
-5.12000E-03,+953.74990E-03,+2.25000000E+00,+2.00000000E+00
-5.10000E-03,+953.74990E-03,+2.12500000E+00,+2.06250000E+00
-5.08000E-03,+953.74990E-03,+2.06250000E+00,+2.06250000E+00
-5.06000E-03,+891.24990E-03,+1.93750000E+00,+2.18750000E+00
-5.04000E-03,+891.24990E-03,+1.93750000E+00,+2.18750000E+00
-5.02000E-03,+953.74990E-03,+1.87500000E+00,+2.25000000E+00
-5.00000E-03,+953.74990E-03,+1.81250000E+00,+2.25000000E+00
-4.98000E-03,+953.74990E-03,+1.75000000E+00,+2.31250000E+00
-4.96000E-03,+891.24990E-03,+1.68750000E+00,+2.31250000E+00
-4.94000E-03,+953.74990E-03,+1.68750000E+00,+2.31250000E+00
-4.92000E-03,+953.74990E-03,+1.62500000E+00,+2.37500000E+00
-4.90000E-03,+891.24990E-03,+1.62500000E+00,+2.37500000E+00
-4.88000E-03,+953.74990E-03,+1.56250000E+00,+2.37500000E+00
-4.86000E-03,+953.74990E-03,+1.56250000E+00,+2.37500000E+00
-4.84000E-03,+953.74990E-03,+1.50000000E+00,+2.37500000E+00
-4.82000E-03,+953.74990E-03,+1.50000000E+00,+2.43750000E+00
-4.80000E-03,+1.01624990E+00,+1.43750000E+00,+2.43750000E+00
-4.78000E-03,+953.74990E-03,+1.50000000E+00,+2.50000000E+00
-4.76000E-03,+953.74990E-03,+1.43750000E+00,+2.43750000E+00
-4.74000E-03,+891.24990E-03,+1.37500000E+00,+2.43750000E+00
-4.72000E-03,+891.24990E-03,+1.43750000E+00,+2.43750000E+00
-4.70000E-03,+953.74990E-03,+1.37500000E+00,+2.43750000E+00
-4.68000E-03,+828.74990E-03,+1.31250000E+00,+2.43750000E+00
-4.66000E-03,+891.24990E-03,+1.31250000E+00,+2.43750000E+00
-4.64000E-03,+953.74990E-03,+1.31250000E+00,+2.37500000E+00
-4.62000E-03,+891.24990E-03,+1.31250000E+00,+2.43750000E+00
-4.60000E-03,+953.74990E-03,+1.37500000E+00,+2.37500000E+00
-4.58000E-03,+891.24990E-03,+1.31250000E+00,+2.37500000E+00
-4.56000E-03,+953.74990E-03,+1.31250000E+00,+2.37500000E+00
-4.54000E-03,+891.24990E-03,+1.25000000E+00,+2.37500000E+00
-4.52000E-03,+891.24990E-03,+1.25000000E+00,+2.31250000E+00
-4.50000E-03,+953.74990E-03,+1.25000000E+00,+2.37500000E+00
-4.48000E-03,+953.74990E-03,+1.31250000E+00,+2.37500000E+00
-4.46000E-03,+953.74990E-03,+1.25000000E+00,+2.31250000E+00
-4.44000E-03,+953.74990E-03,+1.25000000E+00,+2.31250000E+00
-4.42000E-03,+891.24990E-03,+1.18750000E+00,+2.25000000E+00
-4.40000E-03,+953.74990E-03,+1.18750000E+00,+2.25000000E+00
-4.38000E-03,+953.74990E-03,+1.18750000E+00,+2.25000000E+00
-4.36000E-03,+891.24990E-03,+1.18750000E+00,+2.25000000E+00
-4.34000E-03,+953.74990E-03,+1.12500000E+00,+2.18750000E+00
-4.32000E-03,+891.24990E-03,+1.18750000E+00,+2.18750000E+00
-4.30000E-03,+891.24990E-03,+1.18750000E+00,+2.18750000E+00
-4.28000E-03,+891.24990E-03,+1.12500000E+00,+2.18750000E+00
-4.26000E-03,+953.74990E-03,+1.18750000E+00,+2.12500000E+00
-4.24000E-03,+891.24990E-03,+1.12500000E+00,+2.06250000E+00
-4.22000E-03,+891.24990E-03,+1.12500000E+00,+2.00000000E+00
-4.20000E-03,+953.74990E-03,+1.12500000E+00,+2.00000000E+00
-4.18000E-03,+891.24990E-03,+1.06250000E+00,+2.00000000E+00
-4.16000E-03,+891.24990E-03,+1.12500000E+00,+1.93750000E+00
-4.14000E-03,+953.74990E-03,+1.12500000E+00,+1.93750000E+00
-4.12000E-03,+891.24990E-03,+1.12500000E+00,+1.87500000E+00
-4.10000E-03,+953.74990E-03,+1.12500000E+00,+1.81250000E+00
-4.08000E-03,+891.24990E-03,+1.12500000E+00,+1.81250000E+00
-4.06000E-03,+891.24990E-03,+1.06250000E+00,+1.81250000E+00
-4.04000E-03,+891.24990E-03,+1.06250000E+00,+1.75000000E+00
-4.02000E-03,+953.74990E-03,+1.00000000E+00,+1.75000000E+00
-4.00000E-03,+891.24990E-03,+1.06250000E+00,+1.75000000E+00
-3.98000E-03,+953.74990E-03,+1.06250000E+00,+1.68750000E+00
-3.96000E-03,+953.74990E-03,+1.06250000E+00,+1.68750000E+00
-3.94000E-03,+891.24990E-03,+1.00000000E+00,+1.68750000E+00
-3.92000E-03,+891.24990E-03,+1.06250000E+00,+1.56250000E+00
-3.90000E-03,+891.24990E-03,+1.00000000E+00,+1.56250000E+00
-3.88000E-03,+891.24990E-03,+937.50000E-03,+1.50000000E+00
-3.86000E-03,+953.74990E-03,+1.00000000E+00,+1.50000000E+00
-3.84000E-03,+953.74990E-03,+937.50000E-03,+1.50000000E+00
-3.82000E-03,+828.74990E-03,+1.06250000E+00,+1.37500000E+00
-3.80000E-03,+953.74990E-03,+1.06250000E+00,+1.43750000E+00
-3.78000E-03,+953.74990E-03,+1.06250000E+00,+1.43750000E+00
-3.76000E-03,+891.24990E-03,+1.00000000E+00,+1.37500000E+00
-3.74000E-03,+953.74990E-03,+937.50000E-03,+1.37500000E+00
-3.72000E-03,+891.24990E-03,+937.50000E-03,+1.37500000E+00
-3.70000E-03,+953.74990E-03,+1.00000000E+00,+1.31250000E+00
-3.68000E-03,+891.24990E-03,+1.00000000E+00,+1.31250000E+00
-3.66000E-03,+891.24990E-03,+937.50000E-03,+1.31250000E+00
-3.64000E-03,+953.74990E-03,+937.50000E-03,+1.25000000E+00
-3.62000E-03,+891.24990E-03,+937.50000E-03,+1.18750000E+00
-3.60000E-03,+891.24990E-03,+937.50000E-03,+1.18750000E+00
-3.58000E-03,+953.74990E-03,+1.00000000E+00,+1.12500000E+00
-3.56000E-03,+891.24990E-03,+937.50000E-03,+1.18750000E+00
-3.54000E-03,+891.24990E-03,+875.00000E-03,+1.12500000E+00
-3.52000E-03,+891.24990E-03,+937.50000E-03,+1.12500000E+00
-3.50000E-03,+891.24990E-03,+1.00000000E+00,+1.06250000E+00
-3.48000E-03,+891.24990E-03,+1.00000000E+00,+1.12500000E+00
-3.46000E-03,+891.24990E-03,+937.50000E-03,+1.12500000E+00
-3.44000E-03,+953.74990E-03,+937.50000E-03,+1.06250000E+00
-3.42000E-03,+953.74990E-03,+937.50000E-03,+1.06250000E+00
-3.40000E-03,+953.74990E-03,+937.50000E-03,+1.06250000E+00
-3.38000E-03,+891.24990E-03,+937.50000E-03,+1.00000000E+00
-3.36000E-03,+891.24990E-03,+1.00000000E+00,+1.00000000E+00
-3.34000E-03,+891.24990E-03,+937.50000E-03,+937.50000E-03
-3.32000E-03,+953.74990E-03,+937.50000E-03,+937.50000E-03
-3.30000E-03,+828.74990E-03,+937.50000E-03,+937.50000E-03
-3.28000E-03,+953.74990E-03,+937.50000E-03,+937.50000E-03
-3.26000E-03,+953.74990E-03,+937.50000E-03,+875.00000E-03
-3.24000E-03,+953.74990E-03,+812.50000E-03,+937.50000E-03
-3.22000E-03,+891.24990E-03,+937.50000E-03,+875.00000E-03
-3.20000E-03,+891.24990E-03,+937.50000E-03,+937.50000E-03
-3.18000E-03,+891.24990E-03,+937.50000E-03,+875.00000E-03
-3.16000E-03,+891.24990E-03,+937.50000E-03,+875.00000E-03
-3.14000E-03,+891.24990E-03,+937.50000E-03,+875.00000E-03
-3.12000E-03,+953.74990E-03,+875.00000E-03,+875.00000E-03
-3.10000E-03,+953.74990E-03,+937.50000E-03,+812.50000E-03
-3.08000E-03,+953.74990E-03,+937.50000E-03,+812.50000E-03
-3.06000E-03,+953.74990E-03,+875.00000E-03,+875.00000E-03
-3.04000E-03,+953.74990E-03,+875.00000E-03,+875.00000E-03
-3.02000E-03,+891.24990E-03,+875.00000E-03,+812.50000E-03
-3.00000E-03,+891.24990E-03,+875.00000E-03,+812.50000E-03
-2.98000E-03,+953.74990E-03,+875.00000E-03,+812.50000E-03
-2.96000E-03,+891.24990E-03,+937.50000E-03,+812.50000E-03
-2.94000E-03,+891.24990E-03,+875.00000E-03,+812.50000E-03
-2.92000E-03,+891.24990E-03,+937.50000E-03,+812.50000E-03
-2.90000E-03,+953.74990E-03,+937.50000E-03,+812.50000E-03
-2.88000E-03,+953.74990E-03,+937.50000E-03,+750.00000E-03
-2.86000E-03,+891.24990E-03,+1.00000000E+00,+812.50000E-03
-2.84000E-03,+953.74990E-03,+875.00000E-03,+750.00000E-03
-2.82000E-03,+891.24990E-03,+937.50000E-03,+875.00000E-03
-2.80000E-03,+891.24990E-03,+937.50000E-03,+812.50000E-03
-2.78000E-03,+891.24990E-03,+875.00000E-03,+750.00000E-03
-2.76000E-03,+891.24990E-03,+875.00000E-03,+750.00000E-03
-2.74000E-03,+953.74990E-03,+937.50000E-03,+750.00000E-03
-2.72000E-03,+953.74990E-03,+937.50000E-03,+750.00000E-03
-2.70000E-03,+891.24990E-03,+1.00000000E+00,+812.50000E-03
-2.68000E-03,+953.74990E-03,+875.00000E-03,+812.50000E-03
-2.66000E-03,+953.74990E-03,+937.50000E-03,+750.00000E-03
-2.64000E-03,+891.24990E-03,+875.00000E-03,+812.50000E-03
-2.62000E-03,+1.01624990E+00,+937.50000E-03,+750.00000E-03
-2.60000E-03,+891.24990E-03,+937.50000E-03,+812.50000E-03
-2.58000E-03,+953.74990E-03,+875.00000E-03,+750.00000E-03
-2.56000E-03,+891.24990E-03,+937.50000E-03,+750.00000E-03
-2.54000E-03,+953.74990E-03,+937.50000E-03,+812.50000E-03
-2.52000E-03,+891.24990E-03,+937.50000E-03,+812.50000E-03
-2.50000E-03,+891.24990E-03,+937.50000E-03,+750.00000E-03
-2.48000E-03,+953.74990E-03,+875.00000E-03,+812.50000E-03
-2.46000E-03,+953.74990E-03,+937.50000E-03,+875.00000E-03
-2.44000E-03,+891.24990E-03,+937.50000E-03,+812.50000E-03
-2.42000E-03,+953.74990E-03,+937.50000E-03,+812.50000E-03
-2.40000E-03,+953.74990E-03,+1.00000000E+00,+812.50000E-03
-2.38000E-03,+891.24990E-03,+937.50000E-03,+750.00000E-03
-2.36000E-03,+953.74990E-03,+875.00000E-03,+812.50000E-03
-2.34000E-03,+891.24990E-03,+937.50000E-03,+750.00000E-03
-2.32000E-03,+891.24990E-03,+937.50000E-03,+812.50000E-03
-2.30000E-03,+828.74990E-03,+875.00000E-03,+812.50000E-03
-2.28000E-03,+891.24990E-03,+875.00000E-03,+812.50000E-03
-2.26000E-03,+953.74990E-03,+937.50000E-03,+812.50000E-03
-2.24000E-03,+953.74990E-03,+937.50000E-03,+875.00000E-03
-2.22000E-03,+953.74990E-03,+937.50000E-03,+812.50000E-03
-2.20000E-03,+953.74990E-03,+937.50000E-03,+812.50000E-03
-2.18000E-03,+891.24990E-03,+937.50000E-03,+812.50000E-03
-2.16000E-03,+953.74990E-03,+875.00000E-03,+812.50000E-03
-2.14000E-03,+953.74990E-03,+1.00000000E+00,+750.00000E-03
-2.12000E-03,+891.24990E-03,+937.50000E-03,+875.00000E-03
-2.10000E-03,+953.74990E-03,+937.50000E-03,+875.00000E-03
-2.08000E-03,+891.24990E-03,+937.50000E-03,+812.50000E-03
-2.06000E-03,+953.74990E-03,+937.50000E-03,+875.00000E-03
-2.04000E-03,+891.24990E-03,+937.50000E-03,+812.50000E-03
-2.02000E-03,+953.74990E-03,+937.50000E-03,+875.00000E-03
-2.00000E-03,+891.24990E-03,+875.00000E-03,+875.00000E-03
-1.98000E-03,+953.74990E-03,+875.00000E-03,+812.50000E-03
-1.96000E-03,+891.24990E-03,+1.00000000E+00,+812.50000E-03
-1.94000E-03,+953.74990E-03,+1.00000000E+00,+812.50000E-03
-1.92000E-03,+953.74990E-03,+937.50000E-03,+812.50000E-03
-1.90000E-03,+953.74990E-03,+937.50000E-03,+875.00000E-03
-1.88000E-03,+953.74990E-03,+937.50000E-03,+875.00000E-03
-1.86000E-03,+828.74990E-03,+875.00000E-03,+875.00000E-03
-1.84000E-03,+953.74990E-03,+937.50000E-03,+937.50000E-03
-1.82000E-03,+891.24990E-03,+937.50000E-03,+937.50000E-03
-1.80000E-03,+891.24990E-03,+875.00000E-03,+937.50000E-03
-1.78000E-03,+891.24990E-03,+937.50000E-03,+875.00000E-03
-1.76000E-03,+891.24990E-03,+937.50000E-03,+875.00000E-03
-1.74000E-03,+953.74990E-03,+937.50000E-03,+875.00000E-03
-1.72000E-03,+953.74990E-03,+937.50000E-03,+937.50000E-03
-1.70000E-03,+953.74990E-03,+937.50000E-03,+937.50000E-03
-1.68000E-03,+891.24990E-03,+937.50000E-03,+875.00000E-03
-1.66000E-03,+891.24990E-03,+875.00000E-03,+875.00000E-03
-1.64000E-03,+891.24990E-03,+937.50000E-03,+937.50000E-03
-1.62000E-03,+828.74990E-03,+937.50000E-03,+875.00000E-03
-1.60000E-03,+953.74990E-03,+937.50000E-03,+875.00000E-03
-1.58000E-03,+891.24990E-03,+937.50000E-03,+937.50000E-03
-1.56000E-03,+953.74990E-03,+1.00000000E+00,+1.00000000E+00
-1.54000E-03,+953.74990E-03,+1.06250000E+00,+937.50000E-03
-1.52000E-03,+953.74990E-03,+875.00000E-03,+875.00000E-03
-1.50000E-03,+891.24990E-03,+1.00000000E+00,+875.00000E-03
-1.48000E-03,+953.74990E-03,+937.50000E-03,+937.50000E-03
-1.46000E-03,+953.74990E-03,+937.50000E-03,+937.50000E-03
-1.44000E-03,+953.74990E-03,+937.50000E-03,+875.00000E-03
-1.42000E-03,+891.24990E-03,+937.50000E-03,+1.00000000E+00
-1.40000E-03,+953.74990E-03,+937.50000E-03,+937.50000E-03
-1.38000E-03,+891.24990E-03,+937.50000E-03,+875.00000E-03
-1.36000E-03,+953.74990E-03,+1.00000000E+00,+937.50000E-03
-1.34000E-03,+891.24990E-03,+937.50000E-03,+937.50000E-03
-1.32000E-03,+891.24990E-03,+937.50000E-03,+937.50000E-03
-1.30000E-03,+828.74990E-03,+937.50000E-03,+937.50000E-03
-1.28000E-03,+953.74990E-03,+937.50000E-03,+937.50000E-03
-1.26000E-03,+953.74990E-03,+937.50000E-03,+1.00000000E+00
-1.24000E-03,+953.74990E-03,+1.00000000E+00,+937.50000E-03
-1.22000E-03,+891.24990E-03,+937.50000E-03,+937.50000E-03
-1.20000E-03,+891.24990E-03,+1.00000000E+00,+937.50000E-03
-1.18000E-03,+891.24990E-03,+1.00000000E+00,+875.00000E-03
-1.16000E-03,+953.74990E-03,+937.50000E-03,+937.50000E-03
-1.14000E-03,+953.74990E-03,+1.06250000E+00,+1.00000000E+00
-1.12000E-03,+891.24990E-03,+1.00000000E+00,+1.00000000E+00
-1.10000E-03,+891.24990E-03,+1.00000000E+00,+1.00000000E+00
-1.08000E-03,+891.24990E-03,+1.00000000E+00,+1.00000000E+00
-1.06000E-03,+891.24990E-03,+1.00000000E+00,+1.00000000E+00
-1.04000E-03,+953.74990E-03,+937.50000E-03,+937.50000E-03
-1.02000E-03,+953.74990E-03,+1.00000000E+00,+937.50000E-03
-1.00000E-03,+953.74990E-03,+1.06250000E+00,+937.50000E-03
-980.00E-06,+953.74990E-03,+937.50000E-03,+1.00000000E+00
-960.00E-06,+891.24990E-03,+937.50000E-03,+937.50000E-03
-940.00E-06,+891.24990E-03,+937.50000E-03,+937.50000E-03
-920.00E-06,+828.74990E-03,+1.00000000E+00,+937.50000E-03
-900.00E-06,+891.24990E-03,+937.50000E-03,+937.50000E-03
-880.00E-06,+891.24990E-03,+1.06250000E+00,+875.00000E-03
-860.00E-06,+891.24990E-03,+1.00000000E+00,+937.50000E-03
-840.00E-06,+953.74990E-03,+1.00000000E+00,+937.50000E-03
-820.00E-06,+891.24990E-03,+875.00000E-03,+937.50000E-03
-800.00E-06,+828.74990E-03,+937.50000E-03,+1.00000000E+00
-780.00E-06,+891.24990E-03,+937.50000E-03,+937.50000E-03
-760.00E-06,+891.24990E-03,+1.00000000E+00,+1.00000000E+00
-740.00E-06,+891.24990E-03,+1.00000000E+00,+1.00000000E+00
-720.00E-06,+891.24990E-03,+1.00000000E+00,+937.50000E-03
-700.00E-06,+891.24990E-03,+1.00000000E+00,+1.00000000E+00
-680.00E-06,+953.74990E-03,+937.50000E-03,+1.06250000E+00
-660.00E-06,+953.74990E-03,+937.50000E-03,+1.00000000E+00
-640.00E-06,+891.24990E-03,+937.50000E-03,+1.00000000E+00
-620.00E-06,+891.24990E-03,+1.00000000E+00,+937.50000E-03
-600.00E-06,+891.24990E-03,+1.00000000E+00,+1.00000000E+00
-580.00E-06,+891.24990E-03,+937.50000E-03,+937.50000E-03
-560.00E-06,+953.74990E-03,+875.00000E-03,+937.50000E-03
-540.00E-06,+891.24990E-03,+937.50000E-03,+937.50000E-03
-520.00E-06,+953.74990E-03,+937.50000E-03,+937.50000E-03
-500.00E-06,+891.24990E-03,+1.00000000E+00,+937.50000E-03
-480.00E-06,+891.24990E-03,+937.50000E-03,+937.50000E-03
-460.00E-06,+828.74990E-03,+1.00000000E+00,+937.50000E-03
-440.00E-06,+891.24990E-03,+1.00000000E+00,+937.50000E-03
-420.00E-06,+953.74990E-03,+1.00000000E+00,+937.50000E-03
-400.00E-06,+891.24990E-03,+1.00000000E+00,+1.00000000E+00
-380.00E-06,+891.24990E-03,+1.00000000E+00,+1.00000000E+00
-360.00E-06,+891.24990E-03,+937.50000E-03,+1.00000000E+00
-340.00E-06,+953.74990E-03,+937.50000E-03,+937.50000E-03
-320.00E-06,+891.24990E-03,+1.00000000E+00,+937.50000E-03
-300.00E-06,+891.24990E-03,+1.00000000E+00,+937.50000E-03
-280.00E-06,+953.74990E-03,+1.00000000E+00,+937.50000E-03
-260.00E-06,+953.74990E-03,+937.50000E-03,+1.00000000E+00
-240.00E-06,+953.74990E-03,+937.50000E-03,+1.00000000E+00
-220.00E-06,+891.24990E-03,+937.50000E-03,+1.00000000E+00
-200.00E-06,+891.24990E-03,+937.50000E-03,+937.50000E-03
-180.00E-06,+891.24990E-03,+1.00000000E+00,+1.00000000E+00
-160.00E-06,+891.24990E-03,+1.00000000E+00,+937.50000E-03
-140.00E-06,+953.74990E-03,+937.50000E-03,+937.50000E-03
-120.00E-06,+953.74990E-03,+937.50000E-03,+937.50000E-03
-100.00E-06,+953.74990E-03,+937.50000E-03,+937.50000E-03
-80.00E-06,+891.24990E-03,+937.50000E-03,+937.50000E-03
-60.00E-06,+953.74990E-03,+937.50000E-03,+1.00000000E+00
-40.00E-06,+953.74990E-03,+1.00000000E+00,+937.50000E-03
-20.00E-06,+953.74990E-03,+937.50000E-03,+937.50000E-03
-0.0E+00,+953.74990E-03,+1.00000000E+00,+937.50000E-03
+20.00E-06,+3.82874990E+00,+1.25000000E+00,+1.00000000E+00
+40.00E-06,+3.76624990E+00,+1.43750000E+00,+1.00000000E+00
+60.00E-06,+3.82874990E+00,+1.62500000E+00,+1.00000000E+00
+80.00E-06,+3.82874990E+00,+1.75000000E+00,+937.50000E-03
+100.00E-06,+3.82874990E+00,+1.87500000E+00,+937.50000E-03
+120.00E-06,+3.82874990E+00,+2.06250000E+00,+1.00000000E+00
+140.00E-06,+3.89124990E+00,+2.12500000E+00,+1.00000000E+00
+160.00E-06,+3.76624990E+00,+2.31250000E+00,+937.50000E-03
+180.00E-06,+3.76624990E+00,+2.43750000E+00,+1.06250000E+00
+200.00E-06,+3.82874990E+00,+2.43750000E+00,+1.00000000E+00
+220.00E-06,+3.89124990E+00,+2.62500000E+00,+1.00000000E+00
+240.00E-06,+3.95374990E+00,+2.62500000E+00,+1.06250000E+00
+260.00E-06,+3.82874990E+00,+2.68750000E+00,+1.06250000E+00
+280.00E-06,+3.76624990E+00,+2.81250000E+00,+1.06250000E+00
+300.00E-06,+3.82874990E+00,+2.87500000E+00,+1.00000000E+00
+320.00E-06,+3.82874990E+00,+2.93750000E+00,+1.12500000E+00
+340.00E-06,+3.82874990E+00,+2.93750000E+00,+1.18750000E+00
+360.00E-06,+3.89124990E+00,+3.06250000E+00,+1.25000000E+00
+380.00E-06,+3.89124990E+00,+3.06250000E+00,+1.18750000E+00
+400.00E-06,+3.89124990E+00,+3.06250000E+00,+1.18750000E+00
+420.00E-06,+3.89124990E+00,+3.12500000E+00,+1.31250000E+00
+440.00E-06,+3.89124990E+00,+3.25000000E+00,+1.31250000E+00
+460.00E-06,+3.89124990E+00,+3.25000000E+00,+1.31250000E+00
+480.00E-06,+3.89124990E+00,+3.31250000E+00,+1.37500000E+00
+500.00E-06,+3.82874990E+00,+3.31250000E+00,+1.43750000E+00
+520.00E-06,+3.89124990E+00,+3.31250000E+00,+1.56250000E+00
+540.00E-06,+3.82874990E+00,+3.37500000E+00,+1.50000000E+00
+560.00E-06,+3.82874990E+00,+3.43750000E+00,+1.56250000E+00
+580.00E-06,+3.89124990E+00,+3.43750000E+00,+1.68750000E+00
+600.00E-06,+953.74990E-03,+3.31250000E+00,+1.62500000E+00
+620.00E-06,+953.74990E-03,+3.18750000E+00,+1.75000000E+00
+640.00E-06,+953.74990E-03,+2.93750000E+00,+1.75000000E+00
+660.00E-06,+953.74990E-03,+2.87500000E+00,+1.81250000E+00
+680.00E-06,+953.74990E-03,+2.62500000E+00,+1.81250000E+00
+700.00E-06,+891.24990E-03,+2.50000000E+00,+1.87500000E+00
+720.00E-06,+953.74990E-03,+2.43750000E+00,+1.93750000E+00
+740.00E-06,+953.74990E-03,+2.25000000E+00,+1.93750000E+00
+760.00E-06,+953.74990E-03,+2.18750000E+00,+2.00000000E+00
+780.00E-06,+953.74990E-03,+2.12500000E+00,+2.00000000E+00
+800.00E-06,+953.74990E-03,+2.06250000E+00,+2.12500000E+00
+820.00E-06,+953.74990E-03,+1.93750000E+00,+2.18750000E+00
+840.00E-06,+953.74990E-03,+1.87500000E+00,+2.12500000E+00
+860.00E-06,+953.74990E-03,+1.87500000E+00,+2.18750000E+00
+880.00E-06,+953.74990E-03,+1.81250000E+00,+2.31250000E+00
+900.00E-06,+953.74990E-03,+1.75000000E+00,+2.31250000E+00
+920.00E-06,+891.24990E-03,+1.75000000E+00,+2.31250000E+00
+940.00E-06,+891.24990E-03,+1.68750000E+00,+2.31250000E+00
+960.00E-06,+891.24990E-03,+1.68750000E+00,+2.31250000E+00
+980.00E-06,+891.24990E-03,+1.56250000E+00,+2.37500000E+00
+1.00000E-03,+953.74990E-03,+1.56250000E+00,+2.43750000E+00
+1.02000E-03,+953.74990E-03,+1.56250000E+00,+2.43750000E+00
+1.04000E-03,+891.24990E-03,+1.56250000E+00,+2.37500000E+00
+1.06000E-03,+953.74990E-03,+1.43750000E+00,+2.43750000E+00
+1.08000E-03,+953.74990E-03,+1.50000000E+00,+2.43750000E+00
+1.10000E-03,+891.24990E-03,+1.37500000E+00,+2.43750000E+00
+1.12000E-03,+953.74990E-03,+1.43750000E+00,+2.43750000E+00
+1.14000E-03,+891.24990E-03,+1.43750000E+00,+2.43750000E+00
+1.16000E-03,+953.74990E-03,+1.37500000E+00,+2.50000000E+00
+1.18000E-03,+953.74990E-03,+1.37500000E+00,+2.43750000E+00
+1.20000E-03,+891.24990E-03,+1.37500000E+00,+2.43750000E+00
+1.22000E-03,+953.74990E-03,+1.37500000E+00,+2.43750000E+00
+1.24000E-03,+891.24990E-03,+1.37500000E+00,+2.43750000E+00
+1.26000E-03,+891.24990E-03,+1.31250000E+00,+2.43750000E+00
+1.28000E-03,+828.74990E-03,+1.31250000E+00,+2.43750000E+00
+1.30000E-03,+891.24990E-03,+1.31250000E+00,+2.43750000E+00
+1.32000E-03,+891.24990E-03,+1.31250000E+00,+2.37500000E+00
+1.34000E-03,+953.74990E-03,+1.18750000E+00,+2.31250000E+00
+1.36000E-03,+953.74990E-03,+1.25000000E+00,+2.37500000E+00
+1.38000E-03,+953.74990E-03,+1.31250000E+00,+2.37500000E+00
+1.40000E-03,+891.24990E-03,+1.25000000E+00,+2.31250000E+00
+1.42000E-03,+953.74990E-03,+1.18750000E+00,+2.31250000E+00
+1.44000E-03,+828.74990E-03,+1.31250000E+00,+2.31250000E+00
+1.46000E-03,+953.74990E-03,+1.25000000E+00,+2.25000000E+00
+1.48000E-03,+953.74990E-03,+1.18750000E+00,+2.25000000E+00
+1.50000E-03,+891.24990E-03,+1.18750000E+00,+2.25000000E+00
+1.52000E-03,+953.74990E-03,+1.18750000E+00,+2.25000000E+00
+1.54000E-03,+953.74990E-03,+1.18750000E+00,+2.18750000E+00
+1.56000E-03,+891.24990E-03,+1.18750000E+00,+2.18750000E+00
+1.58000E-03,+891.24990E-03,+1.18750000E+00,+2.12500000E+00
+1.60000E-03,+953.74990E-03,+1.18750000E+00,+2.06250000E+00
+1.62000E-03,+953.74990E-03,+1.18750000E+00,+2.06250000E+00
+1.64000E-03,+891.24990E-03,+1.12500000E+00,+2.06250000E+00
+1.66000E-03,+828.74990E-03,+1.06250000E+00,+2.00000000E+00
+1.68000E-03,+953.74990E-03,+1.12500000E+00,+2.00000000E+00
+1.70000E-03,+953.74990E-03,+1.06250000E+00,+1.87500000E+00
+1.72000E-03,+953.74990E-03,+1.12500000E+00,+1.93750000E+00
+1.74000E-03,+953.74990E-03,+1.06250000E+00,+1.81250000E+00
+1.76000E-03,+891.24990E-03,+1.12500000E+00,+1.87500000E+00
+1.78000E-03,+891.24990E-03,+1.06250000E+00,+1.81250000E+00
+1.80000E-03,+953.74990E-03,+1.06250000E+00,+1.81250000E+00
+1.82000E-03,+953.74990E-03,+1.06250000E+00,+1.87500000E+00
+1.84000E-03,+891.24990E-03,+1.12500000E+00,+1.81250000E+00
+1.86000E-03,+953.74990E-03,+1.06250000E+00,+1.81250000E+00
+1.88000E-03,+891.24990E-03,+1.06250000E+00,+1.75000000E+00
+1.90000E-03,+891.24990E-03,+1.06250000E+00,+1.68750000E+00
+1.92000E-03,+953.74990E-03,+1.06250000E+00,+1.68750000E+00
+1.94000E-03,+891.24990E-03,+1.06250000E+00,+1.68750000E+00
+1.96000E-03,+953.74990E-03,+1.00000000E+00,+1.56250000E+00
+1.98000E-03,+828.74990E-03,+1.06250000E+00,+1.56250000E+00
+2.00000E-03,+953.74990E-03,+1.06250000E+00,+1.56250000E+00
+2.02000E-03,+953.74990E-03,+1.00000000E+00,+1.50000000E+00
+2.04000E-03,+953.74990E-03,+1.06250000E+00,+1.50000000E+00
+2.06000E-03,+953.74990E-03,+1.00000000E+00,+1.50000000E+00
+2.08000E-03,+953.74990E-03,+937.50000E-03,+1.43750000E+00
+2.10000E-03,+891.24990E-03,+1.06250000E+00,+1.43750000E+00
+2.12000E-03,+828.74990E-03,+1.00000000E+00,+1.37500000E+00
+2.14000E-03,+953.74990E-03,+937.50000E-03,+1.31250000E+00
+2.16000E-03,+891.24990E-03,+1.00000000E+00,+1.43750000E+00
+2.18000E-03,+828.74990E-03,+1.00000000E+00,+1.25000000E+00
+2.20000E-03,+891.24990E-03,+1.00000000E+00,+1.31250000E+00
+2.22000E-03,+1.01624990E+00,+937.50000E-03,+1.31250000E+00
+2.24000E-03,+891.24990E-03,+1.00000000E+00,+1.25000000E+00
+2.26000E-03,+828.74990E-03,+1.00000000E+00,+1.25000000E+00
+2.28000E-03,+891.24990E-03,+1.00000000E+00,+1.18750000E+00
+2.30000E-03,+953.74990E-03,+1.00000000E+00,+1.18750000E+00
+2.32000E-03,+891.24990E-03,+1.00000000E+00,+1.18750000E+00
+2.34000E-03,+953.74990E-03,+1.00000000E+00,+1.18750000E+00
+2.36000E-03,+891.24990E-03,+937.50000E-03,+1.12500000E+00
+2.38000E-03,+953.74990E-03,+937.50000E-03,+1.12500000E+00
+2.40000E-03,+891.24990E-03,+1.00000000E+00,+1.12500000E+00
+2.42000E-03,+953.74990E-03,+937.50000E-03,+1.12500000E+00
+2.44000E-03,+953.74990E-03,+937.50000E-03,+1.06250000E+00
+2.46000E-03,+953.74990E-03,+1.00000000E+00,+1.06250000E+00
+2.48000E-03,+953.74990E-03,+875.00000E-03,+937.50000E-03
+2.50000E-03,+891.24990E-03,+937.50000E-03,+1.06250000E+00
+2.52000E-03,+891.24990E-03,+937.50000E-03,+1.00000000E+00
+2.54000E-03,+891.24990E-03,+937.50000E-03,+937.50000E-03
+2.56000E-03,+953.74990E-03,+875.00000E-03,+937.50000E-03
+2.58000E-03,+891.24990E-03,+1.00000000E+00,+875.00000E-03
+2.60000E-03,+891.24990E-03,+937.50000E-03,+937.50000E-03
+2.62000E-03,+953.74990E-03,+937.50000E-03,+937.50000E-03
+2.64000E-03,+953.74990E-03,+937.50000E-03,+937.50000E-03
+2.66000E-03,+953.74990E-03,+875.00000E-03,+937.50000E-03
+2.68000E-03,+953.74990E-03,+875.00000E-03,+937.50000E-03
+2.70000E-03,+953.74990E-03,+937.50000E-03,+875.00000E-03
+2.72000E-03,+953.74990E-03,+937.50000E-03,+875.00000E-03
+2.74000E-03,+953.74990E-03,+937.50000E-03,+875.00000E-03
+2.76000E-03,+953.74990E-03,+937.50000E-03,+812.50000E-03
+2.78000E-03,+891.24990E-03,+937.50000E-03,+812.50000E-03
+2.80000E-03,+891.24990E-03,+937.50000E-03,+812.50000E-03
+2.82000E-03,+953.74990E-03,+937.50000E-03,+812.50000E-03
+2.84000E-03,+953.74990E-03,+937.50000E-03,+937.50000E-03
+2.86000E-03,+953.74990E-03,+937.50000E-03,+875.00000E-03
+2.88000E-03,+953.74990E-03,+875.00000E-03,+812.50000E-03
+2.90000E-03,+953.74990E-03,+875.00000E-03,+875.00000E-03
+2.92000E-03,+1.01624990E+00,+875.00000E-03,+750.00000E-03
+2.94000E-03,+891.24990E-03,+937.50000E-03,+812.50000E-03
+2.96000E-03,+891.24990E-03,+937.50000E-03,+750.00000E-03
+2.98000E-03,+891.24990E-03,+1.00000000E+00,+750.00000E-03
+3.00000E-03,+891.24990E-03,+937.50000E-03,+812.50000E-03
+3.02000E-03,+891.24990E-03,+937.50000E-03,+812.50000E-03
+3.04000E-03,+891.24990E-03,+1.00000000E+00,+750.00000E-03
+3.06000E-03,+953.74990E-03,+875.00000E-03,+750.00000E-03
+3.08000E-03,+828.74990E-03,+875.00000E-03,+812.50000E-03
+3.10000E-03,+891.24990E-03,+937.50000E-03,+812.50000E-03
+3.12000E-03,+953.74990E-03,+875.00000E-03,+812.50000E-03
+3.14000E-03,+1.01624990E+00,+875.00000E-03,+750.00000E-03
+3.16000E-03,+953.74990E-03,+937.50000E-03,+812.50000E-03
+3.18000E-03,+953.74990E-03,+937.50000E-03,+750.00000E-03
+3.20000E-03,+891.24990E-03,+937.50000E-03,+750.00000E-03
+3.22000E-03,+953.74990E-03,+937.50000E-03,+812.50000E-03
+3.24000E-03,+953.74990E-03,+937.50000E-03,+812.50000E-03
+3.26000E-03,+953.74990E-03,+937.50000E-03,+812.50000E-03
+3.28000E-03,+953.74990E-03,+1.00000000E+00,+812.50000E-03
+3.30000E-03,+891.24990E-03,+937.50000E-03,+750.00000E-03
+3.32000E-03,+953.74990E-03,+937.50000E-03,+812.50000E-03
+3.34000E-03,+891.24990E-03,+937.50000E-03,+750.00000E-03
+3.36000E-03,+891.24990E-03,+875.00000E-03,+812.50000E-03
+3.38000E-03,+953.74990E-03,+937.50000E-03,+812.50000E-03
+3.40000E-03,+953.74990E-03,+1.00000000E+00,+687.50000E-03
+3.42000E-03,+953.74990E-03,+937.50000E-03,+812.50000E-03
+3.44000E-03,+953.74990E-03,+875.00000E-03,+812.50000E-03
+3.46000E-03,+891.24990E-03,+875.00000E-03,+812.50000E-03
+3.48000E-03,+953.74990E-03,+937.50000E-03,+750.00000E-03
+3.50000E-03,+891.24990E-03,+937.50000E-03,+812.50000E-03
+3.52000E-03,+953.74990E-03,+937.50000E-03,+812.50000E-03
+3.54000E-03,+953.74990E-03,+875.00000E-03,+812.50000E-03
+3.56000E-03,+891.24990E-03,+937.50000E-03,+812.50000E-03
+3.58000E-03,+891.24990E-03,+937.50000E-03,+750.00000E-03
+3.60000E-03,+891.24990E-03,+1.00000000E+00,+812.50000E-03
+3.62000E-03,+891.24990E-03,+875.00000E-03,+812.50000E-03
+3.64000E-03,+891.24990E-03,+937.50000E-03,+812.50000E-03
+3.66000E-03,+891.24990E-03,+875.00000E-03,+812.50000E-03
+3.68000E-03,+828.74990E-03,+937.50000E-03,+750.00000E-03
+3.70000E-03,+953.74990E-03,+937.50000E-03,+812.50000E-03
+3.72000E-03,+953.74990E-03,+937.50000E-03,+812.50000E-03
+3.74000E-03,+891.24990E-03,+937.50000E-03,+875.00000E-03
+3.76000E-03,+953.74990E-03,+937.50000E-03,+812.50000E-03
+3.78000E-03,+953.74990E-03,+937.50000E-03,+812.50000E-03
+3.80000E-03,+953.74990E-03,+937.50000E-03,+875.00000E-03
+3.82000E-03,+891.24990E-03,+875.00000E-03,+812.50000E-03
+3.84000E-03,+953.74990E-03,+1.00000000E+00,+875.00000E-03
+3.86000E-03,+891.24990E-03,+1.00000000E+00,+812.50000E-03
+3.88000E-03,+891.24990E-03,+1.00000000E+00,+812.50000E-03
+3.90000E-03,+953.74990E-03,+1.00000000E+00,+812.50000E-03
+3.92000E-03,+953.74990E-03,+875.00000E-03,+750.00000E-03
+3.94000E-03,+953.74990E-03,+937.50000E-03,+937.50000E-03
+3.96000E-03,+891.24990E-03,+1.00000000E+00,+875.00000E-03
+3.98000E-03,+891.24990E-03,+1.00000000E+00,+812.50000E-03
+4.00000E-03,+891.24990E-03,+937.50000E-03,+875.00000E-03
+4.02000E-03,+891.24990E-03,+937.50000E-03,+875.00000E-03
+4.04000E-03,+828.74990E-03,+937.50000E-03,+875.00000E-03
+4.06000E-03,+891.24990E-03,+937.50000E-03,+812.50000E-03
+4.08000E-03,+953.74990E-03,+937.50000E-03,+937.50000E-03
+4.10000E-03,+891.24990E-03,+937.50000E-03,+875.00000E-03
+4.12000E-03,+953.74990E-03,+937.50000E-03,+875.00000E-03
+4.14000E-03,+891.24990E-03,+937.50000E-03,+875.00000E-03
+4.16000E-03,+891.24990E-03,+937.50000E-03,+937.50000E-03
+4.18000E-03,+891.24990E-03,+1.00000000E+00,+875.00000E-03
+4.20000E-03,+1.01624990E+00,+937.50000E-03,+937.50000E-03
+4.22000E-03,+891.24990E-03,+937.50000E-03,+875.00000E-03
+4.24000E-03,+953.74990E-03,+937.50000E-03,+875.00000E-03
+4.26000E-03,+828.74990E-03,+1.00000000E+00,+937.50000E-03
+4.28000E-03,+1.01624990E+00,+1.00000000E+00,+937.50000E-03
+4.30000E-03,+953.74990E-03,+1.00000000E+00,+937.50000E-03
+4.32000E-03,+828.74990E-03,+1.00000000E+00,+937.50000E-03
+4.34000E-03,+891.24990E-03,+1.00000000E+00,+875.00000E-03
+4.36000E-03,+1.01624990E+00,+937.50000E-03,+937.50000E-03
+4.38000E-03,+953.74990E-03,+937.50000E-03,+937.50000E-03
+4.40000E-03,+953.74990E-03,+937.50000E-03,+937.50000E-03
+4.42000E-03,+828.74990E-03,+1.00000000E+00,+875.00000E-03
+4.44000E-03,+891.24990E-03,+1.00000000E+00,+875.00000E-03
+4.46000E-03,+891.24990E-03,+1.00000000E+00,+937.50000E-03
+4.48000E-03,+953.74990E-03,+1.00000000E+00,+937.50000E-03
+4.50000E-03,+891.24990E-03,+1.00000000E+00,+937.50000E-03
+4.52000E-03,+953.74990E-03,+937.50000E-03,+937.50000E-03
+4.54000E-03,+828.74990E-03,+1.00000000E+00,+1.00000000E+00
+4.56000E-03,+953.74990E-03,+937.50000E-03,+937.50000E-03
+4.58000E-03,+953.74990E-03,+937.50000E-03,+937.50000E-03
+4.60000E-03,+953.74990E-03,+937.50000E-03,+1.00000000E+00
+4.62000E-03,+953.74990E-03,+1.00000000E+00,+937.50000E-03
+4.64000E-03,+891.24990E-03,+1.00000000E+00,+1.00000000E+00
+4.66000E-03,+953.74990E-03,+937.50000E-03,+937.50000E-03
+4.68000E-03,+891.24990E-03,+1.00000000E+00,+937.50000E-03
+4.70000E-03,+891.24990E-03,+937.50000E-03,+875.00000E-03
+4.72000E-03,+953.74990E-03,+937.50000E-03,+937.50000E-03
+4.74000E-03,+891.24990E-03,+937.50000E-03,+937.50000E-03
+4.76000E-03,+953.74990E-03,+937.50000E-03,+937.50000E-03
+4.78000E-03,+953.74990E-03,+1.00000000E+00,+1.00000000E+00
+4.80000E-03,+891.24990E-03,+1.00000000E+00,+937.50000E-03
+4.82000E-03,+953.74990E-03,+937.50000E-03,+1.00000000E+00
+4.84000E-03,+891.24990E-03,+1.00000000E+00,+937.50000E-03
+4.86000E-03,+891.24990E-03,+875.00000E-03,+937.50000E-03
+4.88000E-03,+953.74990E-03,+937.50000E-03,+937.50000E-03
+4.90000E-03,+953.74990E-03,+1.00000000E+00,+1.00000000E+00
+4.92000E-03,+891.24990E-03,+937.50000E-03,+937.50000E-03
+4.94000E-03,+953.74990E-03,+1.06250000E+00,+1.00000000E+00
+4.96000E-03,+891.24990E-03,+937.50000E-03,+937.50000E-03
+4.98000E-03,+953.74990E-03,+937.50000E-03,+937.50000E-03
+5.00000E-03,+953.74990E-03,+937.50000E-03,+875.00000E-03
+5.02000E-03,+891.24990E-03,+1.00000000E+00,+937.50000E-03
+5.04000E-03,+891.24990E-03,+1.00000000E+00,+937.50000E-03
+5.06000E-03,+953.74990E-03,+1.00000000E+00,+1.00000000E+00
+5.08000E-03,+828.74990E-03,+937.50000E-03,+1.00000000E+00
+5.10000E-03,+891.24990E-03,+875.00000E-03,+875.00000E-03
+5.12000E-03,+953.74990E-03,+937.50000E-03,+937.50000E-03
+5.14000E-03,+953.74990E-03,+937.50000E-03,+937.50000E-03
+5.16000E-03,+953.74990E-03,+937.50000E-03,+875.00000E-03
+5.18000E-03,+891.24990E-03,+875.00000E-03,+1.00000000E+00
+5.20000E-03,+891.24990E-03,+937.50000E-03,+875.00000E-03
+5.22000E-03,+891.24990E-03,+937.50000E-03,+937.50000E-03
+5.24000E-03,+953.74990E-03,+1.00000000E+00,+937.50000E-03
+5.26000E-03,+953.74990E-03,+937.50000E-03,+937.50000E-03
+5.28000E-03,+891.24990E-03,+1.00000000E+00,+875.00000E-03
+5.30000E-03,+891.24990E-03,+1.00000000E+00,+1.00000000E+00
+5.32000E-03,+953.74990E-03,+937.50000E-03,+937.50000E-03
+5.34000E-03,+953.74990E-03,+937.50000E-03,+937.50000E-03
+5.36000E-03,+1.01624990E+00,+937.50000E-03,+1.00000000E+00
+5.38000E-03,+891.24990E-03,+1.00000000E+00,+1.00000000E+00
+5.40000E-03,+891.24990E-03,+937.50000E-03,+937.50000E-03
+5.42000E-03,+891.24990E-03,+1.00000000E+00,+1.00000000E+00
+5.44000E-03,+891.24990E-03,+937.50000E-03,+1.00000000E+00
+5.46000E-03,+953.74990E-03,+937.50000E-03,+1.00000000E+00
+5.48000E-03,+891.24990E-03,+937.50000E-03,+1.00000000E+00
+5.50000E-03,+891.24990E-03,+875.00000E-03,+937.50000E-03
+5.52000E-03,+891.24990E-03,+937.50000E-03,+937.50000E-03
+5.54000E-03,+891.24990E-03,+1.00000000E+00,+937.50000E-03
+5.56000E-03,+891.24990E-03,+1.00000000E+00,+1.00000000E+00
+5.58000E-03,+891.24990E-03,+1.00000000E+00,+1.00000000E+00
+5.60000E-03,+953.74990E-03,+937.50000E-03,+1.00000000E+00
+5.62000E-03,+891.24990E-03,+875.00000E-03,+937.50000E-03
+5.64000E-03,+891.24990E-03,+937.50000E-03,+937.50000E-03
+5.66000E-03,+953.74990E-03,+937.50000E-03,+937.50000E-03
+5.68000E-03,+953.74990E-03,+1.00000000E+00,+937.50000E-03
+5.70000E-03,+891.24990E-03,+1.00000000E+00,+937.50000E-03
+5.72000E-03,+953.74990E-03,+937.50000E-03,+937.50000E-03
+5.74000E-03,+891.24990E-03,+1.00000000E+00,+937.50000E-03
+5.76000E-03,+953.74990E-03,+1.00000000E+00,+1.00000000E+00
+5.78000E-03,+891.24990E-03,+937.50000E-03,+937.50000E-03
+5.80000E-03,+891.24990E-03,+937.50000E-03,+937.50000E-03
+5.82000E-03,+953.74990E-03,+1.00000000E+00,+937.50000E-03
+5.84000E-03,+953.74990E-03,+937.50000E-03,+937.50000E-03
+5.86000E-03,+953.74990E-03,+875.00000E-03,+937.50000E-03
+5.88000E-03,+891.24990E-03,+875.00000E-03,+875.00000E-03
+5.90000E-03,+3.76624990E+00,+1.25000000E+00,+1.00000000E+00
+5.92000E-03,+3.82874990E+00,+1.37500000E+00,+937.50000E-03
+5.94000E-03,+3.76624990E+00,+1.56250000E+00,+937.50000E-03
+5.96000E-03,+3.82874990E+00,+1.68750000E+00,+937.50000E-03
+5.98000E-03,+3.89124990E+00,+1.93750000E+00,+1.00000000E+00
+6.00000E-03,+3.89124990E+00,+2.06250000E+00,+937.50000E-03
+6.02000E-03,+3.82874990E+00,+2.12500000E+00,+937.50000E-03
+6.04000E-03,+3.89124990E+00,+2.25000000E+00,+937.50000E-03
+6.06000E-03,+3.82874990E+00,+2.37500000E+00,+1.00000000E+00
+6.08000E-03,+3.89124990E+00,+2.50000000E+00,+1.00000000E+00
+6.10000E-03,+3.82874990E+00,+2.56250000E+00,+1.00000000E+00
+6.12000E-03,+3.82874990E+00,+2.62500000E+00,+1.06250000E+00
+6.14000E-03,+3.89124990E+00,+2.68750000E+00,+1.00000000E+00
+6.16000E-03,+3.89124990E+00,+2.81250000E+00,+1.12500000E+00
+6.18000E-03,+3.89124990E+00,+2.81250000E+00,+1.12500000E+00
+6.20000E-03,+3.89124990E+00,+3.00000000E+00,+1.12500000E+00
+6.22000E-03,+3.89124990E+00,+3.00000000E+00,+1.12500000E+00
+6.24000E-03,+3.76624990E+00,+3.00000000E+00,+1.18750000E+00
+6.26000E-03,+3.89124990E+00,+3.06250000E+00,+1.25000000E+00
+6.28000E-03,+3.89124990E+00,+3.12500000E+00,+1.25000000E+00
+6.30000E-03,+3.89124990E+00,+3.18750000E+00,+1.25000000E+00
+6.32000E-03,+3.82874990E+00,+3.25000000E+00,+1.25000000E+00
+6.34000E-03,+3.89124990E+00,+3.18750000E+00,+1.31250000E+00
+6.36000E-03,+3.89124990E+00,+3.31250000E+00,+1.37500000E+00
+6.38000E-03,+3.89124990E+00,+3.31250000E+00,+1.43750000E+00
+6.40000E-03,+3.89124990E+00,+3.37500000E+00,+1.50000000E+00
+6.42000E-03,+3.82874990E+00,+3.43750000E+00,+1.43750000E+00
+6.44000E-03,+3.95374990E+00,+3.37500000E+00,+1.56250000E+00
+6.46000E-03,+3.89124990E+00,+3.43750000E+00,+1.62500000E+00
+6.48000E-03,+1.01624990E+00,+3.37500000E+00,+1.68750000E+00
+6.50000E-03,+1.01624990E+00,+3.12500000E+00,+1.75000000E+00
+6.52000E-03,+953.74990E-03,+3.00000000E+00,+1.81250000E+00
+6.54000E-03,+953.74990E-03,+2.87500000E+00,+1.81250000E+00
+6.56000E-03,+953.74990E-03,+2.68750000E+00,+1.81250000E+00
+6.58000E-03,+953.74990E-03,+2.50000000E+00,+1.81250000E+00
+6.60000E-03,+891.24990E-03,+2.37500000E+00,+1.93750000E+00
+6.62000E-03,+953.74990E-03,+2.25000000E+00,+2.00000000E+00
+6.64000E-03,+953.74990E-03,+2.18750000E+00,+2.00000000E+00
+6.66000E-03,+891.24990E-03,+2.06250000E+00,+2.00000000E+00
+6.68000E-03,+891.24990E-03,+2.00000000E+00,+2.06250000E+00
+6.70000E-03,+953.74990E-03,+2.00000000E+00,+2.12500000E+00
+6.72000E-03,+891.24990E-03,+1.93750000E+00,+2.18750000E+00
+6.74000E-03,+953.74990E-03,+1.93750000E+00,+2.18750000E+00
+6.76000E-03,+953.74990E-03,+1.75000000E+00,+2.31250000E+00
+6.78000E-03,+891.24990E-03,+1.81250000E+00,+2.25000000E+00
+6.80000E-03,+953.74990E-03,+1.75000000E+00,+2.31250000E+00
+6.82000E-03,+953.74990E-03,+1.62500000E+00,+2.31250000E+00
+6.84000E-03,+891.24990E-03,+1.62500000E+00,+2.37500000E+00
+6.86000E-03,+891.24990E-03,+1.56250000E+00,+2.37500000E+00
+6.88000E-03,+891.24990E-03,+1.62500000E+00,+2.37500000E+00
+6.90000E-03,+953.74990E-03,+1.56250000E+00,+2.43750000E+00
+6.92000E-03,+891.24990E-03,+1.56250000E+00,+2.37500000E+00
+6.94000E-03,+891.24990E-03,+1.50000000E+00,+2.37500000E+00
+6.96000E-03,+953.74990E-03,+1.43750000E+00,+2.43750000E+00
+6.98000E-03,+953.74990E-03,+1.50000000E+00,+2.43750000E+00
+7.00000E-03,+891.24990E-03,+1.43750000E+00,+2.43750000E+00
+7.02000E-03,+953.74990E-03,+1.37500000E+00,+2.43750000E+00
+7.04000E-03,+891.24990E-03,+1.43750000E+00,+2.50000000E+00
+7.06000E-03,+891.24990E-03,+1.37500000E+00,+2.50000000E+00
+7.08000E-03,+953.74990E-03,+1.31250000E+00,+2.43750000E+00
+7.10000E-03,+953.74990E-03,+1.31250000E+00,+2.43750000E+00
+7.12000E-03,+953.74990E-03,+1.31250000E+00,+2.43750000E+00
+7.14000E-03,+891.24990E-03,+1.31250000E+00,+2.37500000E+00
+7.16000E-03,+953.74990E-03,+1.37500000E+00,+2.43750000E+00
+7.18000E-03,+891.24990E-03,+1.31250000E+00,+2.37500000E+00
+7.20000E-03,+953.74990E-03,+1.31250000E+00,+2.43750000E+00
+7.22000E-03,+891.24990E-03,+1.25000000E+00,+2.37500000E+00
+7.24000E-03,+891.24990E-03,+1.25000000E+00,+2.43750000E+00
+7.26000E-03,+953.74990E-03,+1.25000000E+00,+2.31250000E+00
+7.28000E-03,+891.24990E-03,+1.25000000E+00,+2.31250000E+00
+7.30000E-03,+953.74990E-03,+1.18750000E+00,+2.25000000E+00
+7.32000E-03,+891.24990E-03,+1.18750000E+00,+2.31250000E+00
+7.34000E-03,+953.74990E-03,+1.18750000E+00,+2.25000000E+00
+7.36000E-03,+953.74990E-03,+1.18750000E+00,+2.31250000E+00
+7.38000E-03,+953.74990E-03,+1.25000000E+00,+2.25000000E+00
+7.40000E-03,+891.24990E-03,+1.18750000E+00,+2.18750000E+00
+7.42000E-03,+953.74990E-03,+1.12500000E+00,+2.25000000E+00
+7.44000E-03,+953.74990E-03,+1.18750000E+00,+2.18750000E+00
+7.46000E-03,+891.24990E-03,+1.12500000E+00,+2.18750000E+00
+7.48000E-03,+891.24990E-03,+1.18750000E+00,+2.12500000E+00
+7.50000E-03,+891.24990E-03,+1.12500000E+00,+2.12500000E+00
+7.52000E-03,+891.24990E-03,+1.12500000E+00,+2.06250000E+00
+7.54000E-03,+953.74990E-03,+1.12500000E+00,+2.06250000E+00
+7.56000E-03,+891.24990E-03,+1.06250000E+00,+2.00000000E+00
+7.58000E-03,+953.74990E-03,+1.12500000E+00,+2.00000000E+00
+7.60000E-03,+953.74990E-03,+1.12500000E+00,+2.00000000E+00
+7.62000E-03,+953.74990E-03,+1.12500000E+00,+2.00000000E+00
+7.64000E-03,+891.24990E-03,+1.12500000E+00,+1.93750000E+00
+7.66000E-03,+891.24990E-03,+1.12500000E+00,+1.87500000E+00
+7.68000E-03,+953.74990E-03,+1.12500000E+00,+1.81250000E+00
+7.70000E-03,+953.74990E-03,+1.06250000E+00,+1.81250000E+00
+7.72000E-03,+953.74990E-03,+1.06250000E+00,+1.81250000E+00
+7.74000E-03,+891.24990E-03,+1.06250000E+00,+1.75000000E+00
+7.76000E-03,+891.24990E-03,+1.06250000E+00,+1.68750000E+00
+7.78000E-03,+828.74990E-03,+1.06250000E+00,+1.68750000E+00
+7.80000E-03,+953.74990E-03,+1.06250000E+00,+1.68750000E+00
+7.82000E-03,+891.24990E-03,+1.06250000E+00,+1.62500000E+00
+7.84000E-03,+953.74990E-03,+1.00000000E+00,+1.62500000E+00
+7.86000E-03,+953.74990E-03,+1.06250000E+00,+1.56250000E+00
+7.88000E-03,+1.01624990E+00,+937.50000E-03,+1.50000000E+00
+7.90000E-03,+953.74990E-03,+1.00000000E+00,+1.50000000E+00
+7.92000E-03,+953.74990E-03,+937.50000E-03,+1.50000000E+00
+7.94000E-03,+891.24990E-03,+1.00000000E+00,+1.56250000E+00
+7.96000E-03,+953.74990E-03,+1.00000000E+00,+1.43750000E+00
+7.98000E-03,+891.24990E-03,+937.50000E-03,+1.37500000E+00
+8.00000E-03,+953.74990E-03,+937.50000E-03,+1.37500000E+00
+8.02000E-03,+891.24990E-03,+1.00000000E+00,+1.37500000E+00
+8.04000E-03,+953.74990E-03,+1.00000000E+00,+1.37500000E+00
+8.06000E-03,+891.24990E-03,+1.00000000E+00,+1.37500000E+00
+8.08000E-03,+891.24990E-03,+937.50000E-03,+1.31250000E+00
+8.10000E-03,+953.74990E-03,+937.50000E-03,+1.31250000E+00
+8.12000E-03,+891.24990E-03,+937.50000E-03,+1.25000000E+00
+8.14000E-03,+953.74990E-03,+937.50000E-03,+1.25000000E+00
+8.16000E-03,+953.74990E-03,+937.50000E-03,+1.25000000E+00
+8.18000E-03,+891.24990E-03,+1.00000000E+00,+1.18750000E+00
+8.20000E-03,+953.74990E-03,+937.50000E-03,+1.18750000E+00
+8.22000E-03,+891.24990E-03,+1.00000000E+00,+1.12500000E+00
+8.24000E-03,+953.74990E-03,+937.50000E-03,+1.12500000E+00
+8.26000E-03,+953.74990E-03,+937.50000E-03,+1.06250000E+00
+8.28000E-03,+953.74990E-03,+937.50000E-03,+1.18750000E+00
+8.30000E-03,+828.74990E-03,+937.50000E-03,+1.06250000E+00
+8.32000E-03,+891.24990E-03,+1.00000000E+00,+1.06250000E+00
+8.34000E-03,+953.74990E-03,+937.50000E-03,+1.06250000E+00
+8.36000E-03,+953.74990E-03,+937.50000E-03,+1.00000000E+00
+8.38000E-03,+891.24990E-03,+937.50000E-03,+937.50000E-03
+8.40000E-03,+953.74990E-03,+937.50000E-03,+1.00000000E+00
+8.42000E-03,+891.24990E-03,+937.50000E-03,+937.50000E-03
+8.44000E-03,+891.24990E-03,+937.50000E-03,+937.50000E-03
+8.46000E-03,+891.24990E-03,+1.00000000E+00,+937.50000E-03
+8.48000E-03,+953.74990E-03,+875.00000E-03,+937.50000E-03
+8.50000E-03,+891.24990E-03,+875.00000E-03,+937.50000E-03
+8.52000E-03,+953.74990E-03,+937.50000E-03,+875.00000E-03
+8.54000E-03,+891.24990E-03,+937.50000E-03,+937.50000E-03
+8.56000E-03,+891.24990E-03,+875.00000E-03,+937.50000E-03
+8.58000E-03,+953.74990E-03,+937.50000E-03,+875.00000E-03
+8.60000E-03,+891.24990E-03,+937.50000E-03,+937.50000E-03
+8.62000E-03,+891.24990E-03,+937.50000E-03,+937.50000E-03
+8.64000E-03,+891.24990E-03,+937.50000E-03,+937.50000E-03
+8.66000E-03,+953.74990E-03,+937.50000E-03,+812.50000E-03
+8.68000E-03,+953.74990E-03,+875.00000E-03,+812.50000E-03
+8.70000E-03,+953.74990E-03,+875.00000E-03,+812.50000E-03
+8.72000E-03,+891.24990E-03,+875.00000E-03,+812.50000E-03
+8.74000E-03,+953.74990E-03,+875.00000E-03,+812.50000E-03
+8.76000E-03,+1.01624990E+00,+875.00000E-03,+812.50000E-03
+8.78000E-03,+953.74990E-03,+937.50000E-03,+875.00000E-03
+8.80000E-03,+891.24990E-03,+875.00000E-03,+875.00000E-03
+8.82000E-03,+891.24990E-03,+875.00000E-03,+750.00000E-03
+8.84000E-03,+891.24990E-03,+875.00000E-03,+875.00000E-03
+8.86000E-03,+891.24990E-03,+875.00000E-03,+812.50000E-03
+8.88000E-03,+891.24990E-03,+875.00000E-03,+750.00000E-03
+8.90000E-03,+953.74990E-03,+937.50000E-03,+750.00000E-03
+8.92000E-03,+953.74990E-03,+875.00000E-03,+812.50000E-03
+8.94000E-03,+891.24990E-03,+1.00000000E+00,+750.00000E-03
+8.96000E-03,+953.74990E-03,+875.00000E-03,+812.50000E-03
+8.98000E-03,+953.74990E-03,+937.50000E-03,+750.00000E-03
+9.00000E-03,+953.74990E-03,+937.50000E-03,+812.50000E-03
+9.02000E-03,+953.74990E-03,+937.50000E-03,+750.00000E-03
+9.04000E-03,+891.24990E-03,+875.00000E-03,+750.00000E-03
+9.06000E-03,+891.24990E-03,+937.50000E-03,+812.50000E-03
+9.08000E-03,+953.74990E-03,+937.50000E-03,+812.50000E-03
+9.10000E-03,+891.24990E-03,+875.00000E-03,+750.00000E-03
+9.12000E-03,+891.24990E-03,+937.50000E-03,+750.00000E-03
+9.14000E-03,+1.01624990E+00,+875.00000E-03,+750.00000E-03
+9.16000E-03,+828.74990E-03,+875.00000E-03,+750.00000E-03
+9.18000E-03,+953.74990E-03,+937.50000E-03,+750.00000E-03
+9.20000E-03,+891.24990E-03,+1.00000000E+00,+812.50000E-03
+9.22000E-03,+953.74990E-03,+875.00000E-03,+812.50000E-03
+9.24000E-03,+953.74990E-03,+937.50000E-03,+750.00000E-03
+9.26000E-03,+891.24990E-03,+875.00000E-03,+812.50000E-03
+9.28000E-03,+891.24990E-03,+875.00000E-03,+750.00000E-03
+9.30000E-03,+953.74990E-03,+937.50000E-03,+812.50000E-03
+9.32000E-03,+891.24990E-03,+875.00000E-03,+750.00000E-03
+9.34000E-03,+953.74990E-03,+937.50000E-03,+812.50000E-03
+9.36000E-03,+953.74990E-03,+875.00000E-03,+750.00000E-03
+9.38000E-03,+953.74990E-03,+937.50000E-03,+750.00000E-03
+9.40000E-03,+953.74990E-03,+1.06250000E+00,+812.50000E-03
+9.42000E-03,+891.24990E-03,+1.00000000E+00,+812.50000E-03
+9.44000E-03,+953.74990E-03,+875.00000E-03,+750.00000E-03
+9.46000E-03,+891.24990E-03,+875.00000E-03,+750.00000E-03
+9.48000E-03,+891.24990E-03,+937.50000E-03,+812.50000E-03
+9.50000E-03,+953.74990E-03,+937.50000E-03,+812.50000E-03
+9.52000E-03,+891.24990E-03,+1.00000000E+00,+875.00000E-03
+9.54000E-03,+891.24990E-03,+937.50000E-03,+875.00000E-03
+9.56000E-03,+891.24990E-03,+937.50000E-03,+812.50000E-03
+9.58000E-03,+891.24990E-03,+875.00000E-03,+812.50000E-03
+9.60000E-03,+891.24990E-03,+937.50000E-03,+875.00000E-03
+9.62000E-03,+953.74990E-03,+937.50000E-03,+812.50000E-03
+9.64000E-03,+1.01624990E+00,+1.00000000E+00,+812.50000E-03
+9.66000E-03,+891.24990E-03,+937.50000E-03,+875.00000E-03
+9.68000E-03,+953.74990E-03,+937.50000E-03,+812.50000E-03
+9.70000E-03,+891.24990E-03,+937.50000E-03,+812.50000E-03
+9.72000E-03,+953.74990E-03,+1.00000000E+00,+875.00000E-03
+9.74000E-03,+891.24990E-03,+937.50000E-03,+812.50000E-03
+9.76000E-03,+891.24990E-03,+937.50000E-03,+875.00000E-03
+9.78000E-03,+891.24990E-03,+937.50000E-03,+875.00000E-03
+9.80000E-03,+1.01624990E+00,+937.50000E-03,+875.00000E-03
+9.82000E-03,+953.74990E-03,+937.50000E-03,+875.00000E-03
+9.84000E-03,+891.24990E-03,+937.50000E-03,+937.50000E-03
+9.86000E-03,+953.74990E-03,+937.50000E-03,+875.00000E-03
+9.88000E-03,+891.24990E-03,+1.00000000E+00,+875.00000E-03
+9.90000E-03,+953.74990E-03,+937.50000E-03,+812.50000E-03
+9.92000E-03,+891.24990E-03,+937.50000E-03,+875.00000E-03
+9.94000E-03,+891.24990E-03,+937.50000E-03,+875.00000E-03
+9.96000E-03,+953.74990E-03,+937.50000E-03,+937.50000E-03
+9.98000E-03,+953.74990E-03,+1.06250000E+00,+1.00000000E+00
